OCCI,Vmware,{provider_specific_path}/datastore/,GET,Vmware.occie
OCCI,Vmware,{provider_specific_path}/datastore/,POST,Vmware.occie
OCCI,Vmware,{provider_specific_path}/datastore/,DELETE,Vmware.occie
OCCI,Vmware,{provider_specific_path}/datastore/?action=enterMaintenanceMode,POST,Vmware.occie
OCCI,Vmware,{provider_specific_path}/datastore/{datastore_id},GET,Vmware.occie
OCCI,Vmware,{provider_specific_path}/datastore/{datastore_id},POST,Vmware.occie
OCCI,Vmware,{provider_specific_path}/datastore/{datastore_id},PUT,Vmware.occie
OCCI,Vmware,{provider_specific_path}/datastore/{datastore_id},DELETE,Vmware.occie
OCCI,Vmware,{provider_specific_path}/datastore/{datastore_id}?action=enterMaintenanceMode,POST,Vmware.occie

OCCI,Vmware,{provider_specific_path}/cluster/,GET,Vmware.occie
OCCI,Vmware,{provider_specific_path}/cluster/,POST,Vmware.occie
OCCI,Vmware,{provider_specific_path}/cluster/,DELETE,Vmware.occie
OCCI,Vmware,{provider_specific_path}/cluster/?action=addAllHostSystem,POST,Vmware.occie
OCCI,Vmware,{provider_specific_path}/cluster/?action=applyRecommendation,POST,Vmware.occie
OCCI,Vmware,{provider_specific_path}/cluster/?action=enterMaintenanceMode,POST,Vmware.occie
OCCI,Vmware,{provider_specific_path}/cluster/{cluster_id},GET,Vmware.occie
OCCI,Vmware,{provider_specific_path}/cluster/{cluster_id},POST,Vmware.occie
OCCI,Vmware,{provider_specific_path}/cluster/{cluster_id},PUT,Vmware.occie
OCCI,Vmware,{provider_specific_path}/cluster/{cluster_id},DELETE,Vmware.occie
OCCI,Vmware,{provider_specific_path}/cluster/{cluster_id}?action=addAllHostSystem,POST,Vmware.occie
OCCI,Vmware,{provider_specific_path}/cluster/{cluster_id}?action=applyRecommendation,POST,Vmware.occie
OCCI,Vmware,{provider_specific_path}/cluster/{cluster_id}?action=enterMaintenanceMode,POST,Vmware.occie

OCCI,Vmware,{provider_specific_path}/datacenter/,GET,Vmware.occie
OCCI,Vmware,{provider_specific_path}/datacenter/,POST,Vmware.occie
OCCI,Vmware,{provider_specific_path}/datacenter/,DELETE,Vmware.occie
OCCI,Vmware,{provider_specific_path}/datacenter/?action=powerOnMultiVMs,POST,Vmware.occie
OCCI,Vmware,{provider_specific_path}/datacenter/?action=discoverAll,POST,Vmware.occie
OCCI,Vmware,{provider_specific_path}/datacenter/{datacenter_id},GET,Vmware.occie
OCCI,Vmware,{provider_specific_path}/datacenter/{datacenter_id},POST,Vmware.occie
OCCI,Vmware,{provider_specific_path}/datacenter/{datacenter_id},PUT,Vmware.occie
OCCI,Vmware,{provider_specific_path}/datacenter/{datacenter_id},DELETE,Vmware.occie
OCCI,Vmware,{provider_specific_path}/datacenter/{datacenter_id}?action=powerOnMultiVMs,POST,Vmware.occie
OCCI,Vmware,{provider_specific_path}/datacenter/{datacenter_id}?action=discoverAll,POST,Vmware.occie

OCCI,Vmware,{provider_specific_path}/hostsystem/,GET,Vmware.occie
OCCI,Vmware,{provider_specific_path}/hostsystem/,POST,Vmware.occie
OCCI,Vmware,{provider_specific_path}/hostsystem/,DELETE,Vmware.occie
OCCI,Vmware,{provider_specific_path}/hostsystem/?action=disconnectHost,POST,Vmware.occie
OCCI,Vmware,{provider_specific_path}/hostsystem/?action=enterlLockDownMode,POST,Vmware.occie
OCCI,Vmware,{provider_specific_path}/hostsystem/?action=enterMaintenanceMode,POST,Vmware.occie
OCCI,Vmware,{provider_specific_path}/hostsystem/?action=exitLockDownMode,POST,Vmware.occie
OCCI,Vmware,{provider_specific_path}/hostsystem/?action=exitMaintenanceMode,POST,Vmware.occie
OCCI,Vmware,{provider_specific_path}/hostsystem/?action=reconfigureHostForDAS,POST,Vmware.occie
OCCI,Vmware,{provider_specific_path}/hostsystem/?action=reconnectHost,POST,Vmware.occie
OCCI,Vmware,{provider_specific_path}/hostsystem/{hostsystem_id},GET,Vmware.occie
OCCI,Vmware,{provider_specific_path}/hostsystem/{hostsystem_id},POST,Vmware.occie
OCCI,Vmware,{provider_specific_path}/hostsystem/{hostsystem_id},PUT,Vmware.occie
OCCI,Vmware,{provider_specific_path}/hostsystem/{hostsystem_id},DELETE,Vmware.occie
OCCI,Vmware,{provider_specific_path}/hostsystem/{hostsystem_id}?action=disconnectHost,POST,Vmware.occie
OCCI,Vmware,{provider_specific_path}/hostsystem/{hostsystem_id}?action=enterlLockDownMode,POST,Vmware.occie
OCCI,Vmware,{provider_specific_path}/hostsystem/{hostsystem_id}?action=enterMaintenanceMode,POST,Vmware.occie
OCCI,Vmware,{provider_specific_path}/hostsystem/{hostsystem_id}?action=exitLockDownMode,POST,Vmware.occie
OCCI,Vmware,{provider_specific_path}/hostsystem/{hostsystem_id}?action=exitMaintenanceMode,POST,Vmware.occie
OCCI,Vmware,{provider_specific_path}/hostsystem/{hostsystem_id}?action=reconfigureHostForDAS,POST,Vmware.occie
OCCI,Vmware,{provider_specific_path}/hostsystem/{hostsystem_id}?action=reconnectHost,POST,Vmware.occie

OCCI,Vmware,{provider_specific_path}/vm/,GET,Vmware.occie
OCCI,Vmware,{provider_specific_path}/vm/,POST,Vmware.occie
OCCI,Vmware,{provider_specific_path}/vm/,DELETE,Vmware.occie
OCCI,Vmware,{provider_specific_path}/vm/?action=cloneVM,POST,Vmware.occie
OCCI,Vmware,{provider_specific_path}/vm/?action=mountVmwareToolsdisk,POST,Vmware.occie
OCCI,Vmware,{provider_specific_path}/vm/?action=markAsTemplate,POST,Vmware.occie
OCCI,Vmware,{provider_specific_path}/vm/?action=markAsVirtualMachine,POST,Vmware.occie
OCCI,Vmware,{provider_specific_path}/vm/?action=registerVM,POST,Vmware.occie
OCCI,Vmware,{provider_specific_path}/vm/?action=unregisterVM,POST,Vmware.occie
OCCI,Vmware,{provider_specific_path}/vm/?action=defragmentAllDisks,POST,Vmware.occie
OCCI,Vmware,{provider_specific_path}/vm/?action=resetLocationId,POST,Vmware.occie
OCCI,Vmware,{provider_specific_path}/vm/{vm_id},GET,Vmware.occie
OCCI,Vmware,{provider_specific_path}/vm/{vm_id},POST,Vmware.occie
OCCI,Vmware,{provider_specific_path}/vm/{vm_id},PUT,Vmware.occie
OCCI,Vmware,{provider_specific_path}/vm/{vm_id},DELETE,Vmware.occie
OCCI,Vmware,{provider_specific_path}/vm/{vm_id}?action=cloneVM,POST,Vmware.occie
OCCI,Vmware,{provider_specific_path}/vm/{vm_id}?action=mountVmwareToolsdisk,POST,Vmware.occie
OCCI,Vmware,{provider_specific_path}/vm/{vm_id}?action=markAsTemplate,POST,Vmware.occie
OCCI,Vmware,{provider_specific_path}/vm/{vm_id}?action=markAsVirtualMachine,POST,Vmware.occie
OCCI,Vmware,{provider_specific_path}/vm/{vm_id}?action=registerVM,POST,Vmware.occie
OCCI,Vmware,{provider_specific_path}/vm/{vm_id}?action=unregisterVM,POST,Vmware.occie
OCCI,Vmware,{provider_specific_path}/vm/{vm_id}?action=defragmentAllDisks,POST,Vmware.occie
OCCI,Vmware,{provider_specific_path}/vm/{vm_id}?action=resetLocationId,POST,Vmware.occie

OCCI,Vmware,{provider_specific_path}/folderlink/,GET,Vmware.occie
OCCI,Vmware,{provider_specific_path}/folderlink/,POST,Vmware.occie
OCCI,Vmware,{provider_specific_path}/folderlink/,DELETE,Vmware.occie
OCCI,Vmware,{provider_specific_path}/folderlink/{folderlink_id},GET,Vmware.occie
OCCI,Vmware,{provider_specific_path}/folderlink/{folderlink_id},POST,Vmware.occie
OCCI,Vmware,{provider_specific_path}/folderlink/{folderlink_id},PUT,Vmware.occie
OCCI,Vmware,{provider_specific_path}/folderlink/{folderlink_id},DELETE,Vmware.occie

OCCI,Vmware,{provider_specific_path}/resourcepoollink/,GET,Vmware.occie
OCCI,Vmware,{provider_specific_path}/resourcepoollink/,POST,Vmware.occie
OCCI,Vmware,{provider_specific_path}/resourcepoollink/,DELETE,Vmware.occie
OCCI,Vmware,{provider_specific_path}/resourcepoollink/{resourcepoollink_id},GET,Vmware.occie
OCCI,Vmware,{provider_specific_path}/resourcepoollink/{resourcepoollink_id},POST,Vmware.occie
OCCI,Vmware,{provider_specific_path}/resourcepoollink/{resourcepoollink_id},PUT,Vmware.occie
OCCI,Vmware,{provider_specific_path}/resourcepoollink/{resourcepoollink_id},DELETE,Vmware.occie

OCCI,Vmware,{provider_specific_path}/clusterlink/,GET,Vmware.occie
OCCI,Vmware,{provider_specific_path}/clusterlink/,POST,Vmware.occie
OCCI,Vmware,{provider_specific_path}/clusterlink/,DELETE,Vmware.occie
OCCI,Vmware,{provider_specific_path}/clusterlink/{clusterlink_id},GET,Vmware.occie
OCCI,Vmware,{provider_specific_path}/clusterlink/{clusterlink_id},POST,Vmware.occie
OCCI,Vmware,{provider_specific_path}/clusterlink/{clusterlink_id},PUT,Vmware.occie
OCCI,Vmware,{provider_specific_path}/clusterlink/{clusterlink_id},DELETE,Vmware.occie

OCCI,Vmware,{provider_specific_path}/resourcepool/,GET,Vmware.occie
OCCI,Vmware,{provider_specific_path}/resourcepool/,POST,Vmware.occie
OCCI,Vmware,{provider_specific_path}/resourcepool/,DELETE,Vmware.occie
OCCI,Vmware,{provider_specific_path}/resourcepool/{resourcepool_id},GET,Vmware.occie
OCCI,Vmware,{provider_specific_path}/resourcepool/{resourcepool_id},POST,Vmware.occie
OCCI,Vmware,{provider_specific_path}/resourcepool/{resourcepool_id},PUT,Vmware.occie
OCCI,Vmware,{provider_specific_path}/resourcepool/{resourcepool_id},DELETE,Vmware.occie

OCCI,Vmware,{provider_specific_path}/datacenterlink/,GET,Vmware.occie
OCCI,Vmware,{provider_specific_path}/datacenterlink/,POST,Vmware.occie
OCCI,Vmware,{provider_specific_path}/datacenterlink/,DELETE,Vmware.occie
OCCI,Vmware,{provider_specific_path}/datacenterlink/{datacenterlink_id},GET,Vmware.occie
OCCI,Vmware,{provider_specific_path}/datacenterlink/{datacenterlink_id},POST,Vmware.occie
OCCI,Vmware,{provider_specific_path}/datacenterlink/{datacenterlink_id},PUT,Vmware.occie
OCCI,Vmware,{provider_specific_path}/datacenterlink/{datacenterlink_id},DELETE,Vmware.occie

OCCI,Vmware,{provider_specific_path}/hostsystemlink/,GET,Vmware.occie
OCCI,Vmware,{provider_specific_path}/hostsystemlink/,POST,Vmware.occie
OCCI,Vmware,{provider_specific_path}/hostsystemlink/,DELETE,Vmware.occie
OCCI,Vmware,{provider_specific_path}/hostsystemlink/{hostsystemlink_id},GET,Vmware.occie
OCCI,Vmware,{provider_specific_path}/hostsystemlink/{hostsystemlink_id},POST,Vmware.occie
OCCI,Vmware,{provider_specific_path}/hostsystemlink/{hostsystemlink_id},PUT,Vmware.occie
OCCI,Vmware,{provider_specific_path}/hostsystemlink/{hostsystemlink_id},DELETE,Vmware.occie

OCCI,Vmware,{provider_specific_path}/datastorelink/,GET,Vmware.occie
OCCI,Vmware,{provider_specific_path}/datastorelink/,POST,Vmware.occie
OCCI,Vmware,{provider_specific_path}/datastorelink/,DELETE,Vmware.occie
OCCI,Vmware,{provider_specific_path}/datastorelink/{datastorelink_id},GET,Vmware.occie
OCCI,Vmware,{provider_specific_path}/datastorelink/{datastorelink_id},POST,Vmware.occie
OCCI,Vmware,{provider_specific_path}/datastorelink/{datastorelink_id},PUT,Vmware.occie
OCCI,Vmware,{provider_specific_path}/datastorelink/{datastorelink_id},DELETE,Vmware.occie

OCCI,Vmware,{provider_specific_path}/virtualdisk/,GET,Vmware.occie
OCCI,Vmware,{provider_specific_path}/virtualdisk/,POST,Vmware.occie
OCCI,Vmware,{provider_specific_path}/virtualdisk/,DELETE,Vmware.occie
OCCI,Vmware,{provider_specific_path}/virtualdisk/?action=zeroFill,POST,Vmware.occie
OCCI,Vmware,{provider_specific_path}/virtualdisk/?action=shrink,POST,Vmware.occie
OCCI,Vmware,{provider_specific_path}/virtualdisk/{virtualdisk_id},GET,Vmware.occie
OCCI,Vmware,{provider_specific_path}/virtualdisk/{virtualdisk_id},POST,Vmware.occie
OCCI,Vmware,{provider_specific_path}/virtualdisk/{virtualdisk_id},PUT,Vmware.occie
OCCI,Vmware,{provider_specific_path}/virtualdisk/{virtualdisk_id},DELETE,Vmware.occie
OCCI,Vmware,{provider_specific_path}/virtualdisk/{virtualdisk_id}?action=zeroFill,POST,Vmware.occie
OCCI,Vmware,{provider_specific_path}/virtualdisk/{virtualdisk_id}?action=shrink,POST,Vmware.occie

OCCI,Vmware,{provider_specific_path}/vswitch/,GET,Vmware.occie
OCCI,Vmware,{provider_specific_path}/vswitch/,POST,Vmware.occie
OCCI,Vmware,{provider_specific_path}/vswitch/,DELETE,Vmware.occie
OCCI,Vmware,{provider_specific_path}/vswitch/{vswitch_id},GET,Vmware.occie
OCCI,Vmware,{provider_specific_path}/vswitch/{vswitch_id},POST,Vmware.occie
OCCI,Vmware,{provider_specific_path}/vswitch/{vswitch_id},PUT,Vmware.occie
OCCI,Vmware,{provider_specific_path}/vswitch/{vswitch_id},DELETE,Vmware.occie

OCCI,Vmware,{provider_specific_path}/portgroup/,GET,Vmware.occie
OCCI,Vmware,{provider_specific_path}/portgroup/,POST,Vmware.occie
OCCI,Vmware,{provider_specific_path}/portgroup/,DELETE,Vmware.occie
OCCI,Vmware,{provider_specific_path}/portgroup/{portgroup_id},GET,Vmware.occie
OCCI,Vmware,{provider_specific_path}/portgroup/{portgroup_id},POST,Vmware.occie
OCCI,Vmware,{provider_specific_path}/portgroup/{portgroup_id},PUT,Vmware.occie
OCCI,Vmware,{provider_specific_path}/portgroup/{portgroup_id},DELETE,Vmware.occie

OCCI,Vmware,{provider_specific_path}/virtualnetworkadapter/,GET,Vmware.occie
OCCI,Vmware,{provider_specific_path}/virtualnetworkadapter/,POST,Vmware.occie
OCCI,Vmware,{provider_specific_path}/virtualnetworkadapter/,DELETE,Vmware.occie
OCCI,Vmware,{provider_specific_path}/virtualnetworkadapter/?action=connectAdaptater,POST,Vmware.occie
OCCI,Vmware,{provider_specific_path}/virtualnetworkadapter/?action=disconnectAdaptater,POST,Vmware.occie
OCCI,Vmware,{provider_specific_path}/virtualnetworkadapter/{virtualnetworkadapter_id},GET,Vmware.occie
OCCI,Vmware,{provider_specific_path}/virtualnetworkadapter/{virtualnetworkadapter_id},POST,Vmware.occie
OCCI,Vmware,{provider_specific_path}/virtualnetworkadapter/{virtualnetworkadapter_id},PUT,Vmware.occie
OCCI,Vmware,{provider_specific_path}/virtualnetworkadapter/{virtualnetworkadapter_id},DELETE,Vmware.occie
OCCI,Vmware,{provider_specific_path}/virtualnetworkadapter/{virtualnetworkadapter_id}?action=connectAdaptater,POST,Vmware.occie
OCCI,Vmware,{provider_specific_path}/virtualnetworkadapter/{virtualnetworkadapter_id}?action=disconnectAdaptater,POST,Vmware.occie

OCCI,Vmware,{provider_specific_path}/virtualdisknetwork/,GET,Vmware.occie
OCCI,Vmware,{provider_specific_path}/virtualdisknetwork/,POST,Vmware.occie
OCCI,Vmware,{provider_specific_path}/virtualdisknetwork/,DELETE,Vmware.occie
OCCI,Vmware,{provider_specific_path}/virtualdisknetwork/{virtualdisknetwork_id},GET,Vmware.occie
OCCI,Vmware,{provider_specific_path}/virtualdisknetwork/{virtualdisknetwork_id},POST,Vmware.occie
OCCI,Vmware,{provider_specific_path}/virtualdisknetwork/{virtualdisknetwork_id},PUT,Vmware.occie
OCCI,Vmware,{provider_specific_path}/virtualdisknetwork/{virtualdisknetwork_id},DELETE,Vmware.occie

OCCI,Vmware,{provider_specific_path}/virtualdisknetworklink/,GET,Vmware.occie
OCCI,Vmware,{provider_specific_path}/virtualdisknetworklink/,POST,Vmware.occie
OCCI,Vmware,{provider_specific_path}/virtualdisknetworklink/,DELETE,Vmware.occie
OCCI,Vmware,{provider_specific_path}/virtualdisknetworklink/{virtualdisknetworklink_id},GET,Vmware.occie
OCCI,Vmware,{provider_specific_path}/virtualdisknetworklink/{virtualdisknetworklink_id},POST,Vmware.occie
OCCI,Vmware,{provider_specific_path}/virtualdisknetworklink/{virtualdisknetworklink_id},PUT,Vmware.occie
OCCI,Vmware,{provider_specific_path}/virtualdisknetworklink/{virtualdisknetworklink_id},DELETE,Vmware.occie

OCCI,Vmware,{provider_specific_path}/hostnetworkadapter/,GET,Vmware.occie
OCCI,Vmware,{provider_specific_path}/hostnetworkadapter/,POST,Vmware.occie
OCCI,Vmware,{provider_specific_path}/hostnetworkadapter/,DELETE,Vmware.occie
OCCI,Vmware,{provider_specific_path}/hostnetworkadapter/?action=connect,POST,Vmware.occie
OCCI,Vmware,{provider_specific_path}/hostnetworkadapter/?action=disconnect,POST,Vmware.occie
OCCI,Vmware,{provider_specific_path}/hostnetworkadapter/{hostnetworkadapter_id},GET,Vmware.occie
OCCI,Vmware,{provider_specific_path}/hostnetworkadapter/{hostnetworkadapter_id},POST,Vmware.occie
OCCI,Vmware,{provider_specific_path}/hostnetworkadapter/{hostnetworkadapter_id},PUT,Vmware.occie
OCCI,Vmware,{provider_specific_path}/hostnetworkadapter/{hostnetworkadapter_id},DELETE,Vmware.occie
OCCI,Vmware,{provider_specific_path}/hostnetworkadapter/{hostnetworkadapter_id}?action=connect,POST,Vmware.occie
OCCI,Vmware,{provider_specific_path}/hostnetworkadapter/{hostnetworkadapter_id}?action=disconnect,POST,Vmware.occie

OCCI,Vmware,{provider_specific_path}/dvswitch/,GET,Vmware.occie
OCCI,Vmware,{provider_specific_path}/dvswitch/,POST,Vmware.occie
OCCI,Vmware,{provider_specific_path}/dvswitch/,DELETE,Vmware.occie
OCCI,Vmware,{provider_specific_path}/dvswitch/{dvswitch_id},GET,Vmware.occie
OCCI,Vmware,{provider_specific_path}/dvswitch/{dvswitch_id},POST,Vmware.occie
OCCI,Vmware,{provider_specific_path}/dvswitch/{dvswitch_id},PUT,Vmware.occie
OCCI,Vmware,{provider_specific_path}/dvswitch/{dvswitch_id},DELETE,Vmware.occie

OCCI,Vmware,{provider_specific_path}/snapshot/,GET,Vmware.occie
OCCI,Vmware,{provider_specific_path}/snapshot/,POST,Vmware.occie
OCCI,Vmware,{provider_specific_path}/snapshot/,DELETE,Vmware.occie
OCCI,Vmware,{provider_specific_path}/snapshot/?action=restore,POST,Vmware.occie
OCCI,Vmware,{provider_specific_path}/snapshot/{snapshot_id},GET,Vmware.occie
OCCI,Vmware,{provider_specific_path}/snapshot/{snapshot_id},POST,Vmware.occie
OCCI,Vmware,{provider_specific_path}/snapshot/{snapshot_id},PUT,Vmware.occie
OCCI,Vmware,{provider_specific_path}/snapshot/{snapshot_id},DELETE,Vmware.occie
OCCI,Vmware,{provider_specific_path}/snapshot/{snapshot_id}?action=restore,POST,Vmware.occie

OCCI,Vmware,{provider_specific_path}/snapshotlink/,GET,Vmware.occie
OCCI,Vmware,{provider_specific_path}/snapshotlink/,POST,Vmware.occie
OCCI,Vmware,{provider_specific_path}/snapshotlink/,DELETE,Vmware.occie
OCCI,Vmware,{provider_specific_path}/snapshotlink/{snapshotlink_id},GET,Vmware.occie
OCCI,Vmware,{provider_specific_path}/snapshotlink/{snapshotlink_id},POST,Vmware.occie
OCCI,Vmware,{provider_specific_path}/snapshotlink/{snapshotlink_id},PUT,Vmware.occie
OCCI,Vmware,{provider_specific_path}/snapshotlink/{snapshotlink_id},DELETE,Vmware.occie

OCCI,Vmware,{provider_specific_path}/folder/,GET,Vmware.occie
OCCI,Vmware,{provider_specific_path}/folder/,POST,Vmware.occie
OCCI,Vmware,{provider_specific_path}/folder/,DELETE,Vmware.occie
OCCI,Vmware,{provider_specific_path}/folder/{folder_id},GET,Vmware.occie
OCCI,Vmware,{provider_specific_path}/folder/{folder_id},POST,Vmware.occie
OCCI,Vmware,{provider_specific_path}/folder/{folder_id},PUT,Vmware.occie
OCCI,Vmware,{provider_specific_path}/folder/{folder_id},DELETE,Vmware.occie

OCCI,Vmware,{provider_specific_path}/hostfolder/,GET,Vmware.occie
OCCI,Vmware,{provider_specific_path}/hostfolder/,POST,Vmware.occie
OCCI,Vmware,{provider_specific_path}/hostfolder/,DELETE,Vmware.occie
OCCI,Vmware,{provider_specific_path}/hostfolder/{hostfolder_id},GET,Vmware.occie
OCCI,Vmware,{provider_specific_path}/hostfolder/{hostfolder_id},POST,Vmware.occie
OCCI,Vmware,{provider_specific_path}/hostfolder/{hostfolder_id},PUT,Vmware.occie
OCCI,Vmware,{provider_specific_path}/hostfolder/{hostfolder_id},DELETE,Vmware.occie

OCCI,Vmware,{provider_specific_path}/vcentercapability/,GET,Vmware.occie
OCCI,Vmware,{provider_specific_path}/vcentercapability/,POST,Vmware.occie
OCCI,Vmware,{provider_specific_path}/vcentercapability/,DELETE,Vmware.occie
OCCI,Vmware,{provider_specific_path}/vcentercapability/{vcentercapability_id},GET,Vmware.occie
OCCI,Vmware,{provider_specific_path}/vcentercapability/{vcentercapability_id},POST,Vmware.occie
OCCI,Vmware,{provider_specific_path}/vcentercapability/{vcentercapability_id},PUT,Vmware.occie
OCCI,Vmware,{provider_specific_path}/vcentercapability/{vcentercapability_id},DELETE,Vmware.occie

OCCI,Vmware,{provider_specific_path}/hostfirewallsystem/,GET,Vmware.occie
OCCI,Vmware,{provider_specific_path}/hostfirewallsystem/,POST,Vmware.occie
OCCI,Vmware,{provider_specific_path}/hostfirewallsystem/,DELETE,Vmware.occie
OCCI,Vmware,{provider_specific_path}/hostfirewallsystem/{hostfirewallsystem_id},GET,Vmware.occie
OCCI,Vmware,{provider_specific_path}/hostfirewallsystem/{hostfirewallsystem_id},POST,Vmware.occie
OCCI,Vmware,{provider_specific_path}/hostfirewallsystem/{hostfirewallsystem_id},PUT,Vmware.occie
OCCI,Vmware,{provider_specific_path}/hostfirewallsystem/{hostfirewallsystem_id},DELETE,Vmware.occie

OCCI,Vmware,{provider_specific_path}/hostfirewallruleset/,GET,Vmware.occie
OCCI,Vmware,{provider_specific_path}/hostfirewallruleset/,POST,Vmware.occie
OCCI,Vmware,{provider_specific_path}/hostfirewallruleset/,DELETE,Vmware.occie
OCCI,Vmware,{provider_specific_path}/hostfirewallruleset/?action=disableRuleset,POST,Vmware.occie
OCCI,Vmware,{provider_specific_path}/hostfirewallruleset/?action=enableRuleset,POST,Vmware.occie
OCCI,Vmware,{provider_specific_path}/hostfirewallruleset/{hostfirewallruleset_id},GET,Vmware.occie
OCCI,Vmware,{provider_specific_path}/hostfirewallruleset/{hostfirewallruleset_id},POST,Vmware.occie
OCCI,Vmware,{provider_specific_path}/hostfirewallruleset/{hostfirewallruleset_id},PUT,Vmware.occie
OCCI,Vmware,{provider_specific_path}/hostfirewallruleset/{hostfirewallruleset_id},DELETE,Vmware.occie
OCCI,Vmware,{provider_specific_path}/hostfirewallruleset/{hostfirewallruleset_id}?action=disableRuleset,POST,Vmware.occie
OCCI,Vmware,{provider_specific_path}/hostfirewallruleset/{hostfirewallruleset_id}?action=enableRuleset,POST,Vmware.occie

OCCI,Vmware,{provider_specific_path}/hostfirewallrule/,GET,Vmware.occie
OCCI,Vmware,{provider_specific_path}/hostfirewallrule/,POST,Vmware.occie
OCCI,Vmware,{provider_specific_path}/hostfirewallrule/,DELETE,Vmware.occie
OCCI,Vmware,{provider_specific_path}/hostfirewallrule/{hostfirewallrule_id},GET,Vmware.occie
OCCI,Vmware,{provider_specific_path}/hostfirewallrule/{hostfirewallrule_id},POST,Vmware.occie
OCCI,Vmware,{provider_specific_path}/hostfirewallrule/{hostfirewallrule_id},PUT,Vmware.occie
OCCI,Vmware,{provider_specific_path}/hostfirewallrule/{hostfirewallrule_id},DELETE,Vmware.occie

OCCI,Vmware,{provider_specific_path}/hoststorage/,GET,Vmware.occie
OCCI,Vmware,{provider_specific_path}/hoststorage/,POST,Vmware.occie
OCCI,Vmware,{provider_specific_path}/hoststorage/,DELETE,Vmware.occie
OCCI,Vmware,{provider_specific_path}/hoststorage/{hoststorage_id},GET,Vmware.occie
OCCI,Vmware,{provider_specific_path}/hoststorage/{hoststorage_id},POST,Vmware.occie
OCCI,Vmware,{provider_specific_path}/hoststorage/{hoststorage_id},PUT,Vmware.occie
OCCI,Vmware,{provider_specific_path}/hoststorage/{hoststorage_id},DELETE,Vmware.occie

OCCI,Vmware,{provider_specific_path}/hoststoragelink/,GET,Vmware.occie
OCCI,Vmware,{provider_specific_path}/hoststoragelink/,POST,Vmware.occie
OCCI,Vmware,{provider_specific_path}/hoststoragelink/,DELETE,Vmware.occie
OCCI,Vmware,{provider_specific_path}/hoststoragelink/{hoststoragelink_id},GET,Vmware.occie
OCCI,Vmware,{provider_specific_path}/hoststoragelink/{hoststoragelink_id},POST,Vmware.occie
OCCI,Vmware,{provider_specific_path}/hoststoragelink/{hoststoragelink_id},PUT,Vmware.occie
OCCI,Vmware,{provider_specific_path}/hoststoragelink/{hoststoragelink_id},DELETE,Vmware.occie

OCCI,Vmware,{provider_specific_path}/vmfolder/,GET,Vmware.occie
OCCI,Vmware,{provider_specific_path}/vmfolder/,POST,Vmware.occie
OCCI,Vmware,{provider_specific_path}/vmfolder/,DELETE,Vmware.occie
OCCI,Vmware,{provider_specific_path}/vmfolder/{vmfolder_id},GET,Vmware.occie
OCCI,Vmware,{provider_specific_path}/vmfolder/{vmfolder_id},POST,Vmware.occie
OCCI,Vmware,{provider_specific_path}/vmfolder/{vmfolder_id},PUT,Vmware.occie
OCCI,Vmware,{provider_specific_path}/vmfolder/{vmfolder_id},DELETE,Vmware.occie

OCCI,Vmware,{provider_specific_path}/serviceconsolenic/,GET,Vmware.occie
OCCI,Vmware,{provider_specific_path}/serviceconsolenic/,POST,Vmware.occie
OCCI,Vmware,{provider_specific_path}/serviceconsolenic/,DELETE,Vmware.occie
OCCI,Vmware,{provider_specific_path}/serviceconsolenic/{serviceconsolenic_id},GET,Vmware.occie
OCCI,Vmware,{provider_specific_path}/serviceconsolenic/{serviceconsolenic_id},POST,Vmware.occie
OCCI,Vmware,{provider_specific_path}/serviceconsolenic/{serviceconsolenic_id},PUT,Vmware.occie
OCCI,Vmware,{provider_specific_path}/serviceconsolenic/{serviceconsolenic_id},DELETE,Vmware.occie

OCCI,Vmware,{provider_specific_path}/portgrouplink/,GET,Vmware.occie
OCCI,Vmware,{provider_specific_path}/portgrouplink/,POST,Vmware.occie
OCCI,Vmware,{provider_specific_path}/portgrouplink/,DELETE,Vmware.occie
OCCI,Vmware,{provider_specific_path}/portgrouplink/{portgrouplink_id},GET,Vmware.occie
OCCI,Vmware,{provider_specific_path}/portgrouplink/{portgrouplink_id},POST,Vmware.occie
OCCI,Vmware,{provider_specific_path}/portgrouplink/{portgrouplink_id},PUT,Vmware.occie
OCCI,Vmware,{provider_specific_path}/portgrouplink/{portgrouplink_id},DELETE,Vmware.occie

OCCI,Vmware,{provider_specific_path}/hostnatrule/,GET,Vmware.occie
OCCI,Vmware,{provider_specific_path}/hostnatrule/,POST,Vmware.occie
OCCI,Vmware,{provider_specific_path}/hostnatrule/,DELETE,Vmware.occie
OCCI,Vmware,{provider_specific_path}/hostnatrule/{hostnatrule_id},GET,Vmware.occie
OCCI,Vmware,{provider_specific_path}/hostnatrule/{hostnatrule_id},POST,Vmware.occie
OCCI,Vmware,{provider_specific_path}/hostnatrule/{hostnatrule_id},PUT,Vmware.occie
OCCI,Vmware,{provider_specific_path}/hostnatrule/{hostnatrule_id},DELETE,Vmware.occie

OCCI,Vmware,{provider_specific_path}/hostnatportforwardlink/,GET,Vmware.occie
OCCI,Vmware,{provider_specific_path}/hostnatportforwardlink/,POST,Vmware.occie
OCCI,Vmware,{provider_specific_path}/hostnatportforwardlink/,DELETE,Vmware.occie
OCCI,Vmware,{provider_specific_path}/hostnatportforwardlink/{hostnatportforwardlink_id},GET,Vmware.occie
OCCI,Vmware,{provider_specific_path}/hostnatportforwardlink/{hostnatportforwardlink_id},POST,Vmware.occie
OCCI,Vmware,{provider_specific_path}/hostnatportforwardlink/{hostnatportforwardlink_id},PUT,Vmware.occie
OCCI,Vmware,{provider_specific_path}/hostnatportforwardlink/{hostnatportforwardlink_id},DELETE,Vmware.occie

OCCI,Vmware,{provider_specific_path}/distributedportgroup/,GET,Vmware.occie
OCCI,Vmware,{provider_specific_path}/distributedportgroup/,POST,Vmware.occie
OCCI,Vmware,{provider_specific_path}/distributedportgroup/,DELETE,Vmware.occie
OCCI,Vmware,{provider_specific_path}/distributedportgroup/{distributedportgroup_id},GET,Vmware.occie
OCCI,Vmware,{provider_specific_path}/distributedportgroup/{distributedportgroup_id},POST,Vmware.occie
OCCI,Vmware,{provider_specific_path}/distributedportgroup/{distributedportgroup_id},PUT,Vmware.occie
OCCI,Vmware,{provider_specific_path}/distributedportgroup/{distributedportgroup_id},DELETE,Vmware.occie

OCCI,Vmware,{provider_specific_path}/virtualcdrom/,GET,Vmware.occie
OCCI,Vmware,{provider_specific_path}/virtualcdrom/,POST,Vmware.occie
OCCI,Vmware,{provider_specific_path}/virtualcdrom/,DELETE,Vmware.occie
OCCI,Vmware,{provider_specific_path}/virtualcdrom/{virtualcdrom_id},GET,Vmware.occie
OCCI,Vmware,{provider_specific_path}/virtualcdrom/{virtualcdrom_id},POST,Vmware.occie
OCCI,Vmware,{provider_specific_path}/virtualcdrom/{virtualcdrom_id},PUT,Vmware.occie
OCCI,Vmware,{provider_specific_path}/virtualcdrom/{virtualcdrom_id},DELETE,Vmware.occie

OCCI,Vmware,{provider_specific_path}/virtualfloppy/,GET,Vmware.occie
OCCI,Vmware,{provider_specific_path}/virtualfloppy/,POST,Vmware.occie
OCCI,Vmware,{provider_specific_path}/virtualfloppy/,DELETE,Vmware.occie
OCCI,Vmware,{provider_specific_path}/virtualfloppy/{virtualfloppy_id},GET,Vmware.occie
OCCI,Vmware,{provider_specific_path}/virtualfloppy/{virtualfloppy_id},POST,Vmware.occie
OCCI,Vmware,{provider_specific_path}/virtualfloppy/{virtualfloppy_id},PUT,Vmware.occie
OCCI,Vmware,{provider_specific_path}/virtualfloppy/{virtualfloppy_id},DELETE,Vmware.occie

OCCI,Vmware,{provider_specific_path}/virtualdisklink/,GET,Vmware.occie
OCCI,Vmware,{provider_specific_path}/virtualdisklink/,POST,Vmware.occie
OCCI,Vmware,{provider_specific_path}/virtualdisklink/,DELETE,Vmware.occie
OCCI,Vmware,{provider_specific_path}/virtualdisklink/{virtualdisklink_id},GET,Vmware.occie
OCCI,Vmware,{provider_specific_path}/virtualdisklink/{virtualdisklink_id},POST,Vmware.occie
OCCI,Vmware,{provider_specific_path}/virtualdisklink/{virtualdisklink_id},PUT,Vmware.occie
OCCI,Vmware,{provider_specific_path}/virtualdisklink/{virtualdisklink_id},DELETE,Vmware.occie

OCCI,Vmware,{provider_specific_path}/linux/,GET,Vmware.occie
OCCI,Vmware,{provider_specific_path}/linux/,POST,Vmware.occie
OCCI,Vmware,{provider_specific_path}/linux/,PUT,Vmware.occie
OCCI,Vmware,{provider_specific_path}/linux/,DELETE,Vmware.occie

OCCI,Vmware,{provider_specific_path}/windows/,GET,Vmware.occie
OCCI,Vmware,{provider_specific_path}/windows/,POST,Vmware.occie
OCCI,Vmware,{provider_specific_path}/windows/,PUT,Vmware.occie
OCCI,Vmware,{provider_specific_path}/windows/,DELETE,Vmware.occie

OCCI,Vmware,{provider_specific_path}/macosx/,GET,Vmware.occie
OCCI,Vmware,{provider_specific_path}/macosx/,POST,Vmware.occie
OCCI,Vmware,{provider_specific_path}/macosx/,PUT,Vmware.occie
OCCI,Vmware,{provider_specific_path}/macosx/,DELETE,Vmware.occie

OCCI,Vmware,{provider_specific_path}/small/,GET,Vmware.occie
OCCI,Vmware,{provider_specific_path}/small/,POST,Vmware.occie
OCCI,Vmware,{provider_specific_path}/small/,PUT,Vmware.occie
OCCI,Vmware,{provider_specific_path}/small/,DELETE,Vmware.occie

OCCI,Vmware,{provider_specific_path}/medium/,GET,Vmware.occie
OCCI,Vmware,{provider_specific_path}/medium/,POST,Vmware.occie
OCCI,Vmware,{provider_specific_path}/medium/,PUT,Vmware.occie
OCCI,Vmware,{provider_specific_path}/medium/,DELETE,Vmware.occie

OCCI,Vmware,{provider_specific_path}/large/,GET,Vmware.occie
OCCI,Vmware,{provider_specific_path}/large/,POST,Vmware.occie
OCCI,Vmware,{provider_specific_path}/large/,PUT,Vmware.occie
OCCI,Vmware,{provider_specific_path}/large/,DELETE,Vmware.occie

OCCI,Vmware,{provider_specific_path}/xlarge/,GET,Vmware.occie
OCCI,Vmware,{provider_specific_path}/xlarge/,POST,Vmware.occie
OCCI,Vmware,{provider_specific_path}/xlarge/,PUT,Vmware.occie
OCCI,Vmware,{provider_specific_path}/xlarge/,DELETE,Vmware.occie

OCCI,Vmware,{provider_specific_path}/ssh_authentication/,GET,Vmware.occie
OCCI,Vmware,{provider_specific_path}/ssh_authentication/,POST,Vmware.occie
OCCI,Vmware,{provider_specific_path}/ssh_authentication/,PUT,Vmware.occie
OCCI,Vmware,{provider_specific_path}/ssh_authentication/,DELETE,Vmware.occie

OCCI,Vmware,{provider_specific_path}/bootoptions/,GET,Vmware.occie
OCCI,Vmware,{provider_specific_path}/bootoptions/,POST,Vmware.occie
OCCI,Vmware,{provider_specific_path}/bootoptions/,PUT,Vmware.occie
OCCI,Vmware,{provider_specific_path}/bootoptions/,DELETE,Vmware.occie

OCCI,Vmware,{provider_specific_path}/cpuaffinity/,GET,Vmware.occie
OCCI,Vmware,{provider_specific_path}/cpuaffinity/,POST,Vmware.occie
OCCI,Vmware,{provider_specific_path}/cpuaffinity/,PUT,Vmware.occie
OCCI,Vmware,{provider_specific_path}/cpuaffinity/,DELETE,Vmware.occie

OCCI,Vmware,{provider_specific_path}/shares/,GET,Vmware.occie
OCCI,Vmware,{provider_specific_path}/shares/,POST,Vmware.occie
OCCI,Vmware,{provider_specific_path}/shares/,PUT,Vmware.occie
OCCI,Vmware,{provider_specific_path}/shares/,DELETE,Vmware.occie

OCCI,Vmware,{provider_specific_path}/dvsfeaturecapability/,GET,Vmware.occie
OCCI,Vmware,{provider_specific_path}/dvsfeaturecapability/,POST,Vmware.occie
OCCI,Vmware,{provider_specific_path}/dvsfeaturecapability/,PUT,Vmware.occie
OCCI,Vmware,{provider_specific_path}/dvsfeaturecapability/,DELETE,Vmware.occie

OCCI,Vmware,{provider_specific_path}/consolepreference/,GET,Vmware.occie
OCCI,Vmware,{provider_specific_path}/consolepreference/,POST,Vmware.occie
OCCI,Vmware,{provider_specific_path}/consolepreference/,PUT,Vmware.occie
OCCI,Vmware,{provider_specific_path}/consolepreference/,DELETE,Vmware.occie

OCCI,Vmware,{provider_specific_path}/defaultpoweroptions/,GET,Vmware.occie
OCCI,Vmware,{provider_specific_path}/defaultpoweroptions/,POST,Vmware.occie
OCCI,Vmware,{provider_specific_path}/defaultpoweroptions/,PUT,Vmware.occie
OCCI,Vmware,{provider_specific_path}/defaultpoweroptions/,DELETE,Vmware.occie

OCCI,Vmware,{provider_specific_path}/vmflags/,GET,Vmware.occie
OCCI,Vmware,{provider_specific_path}/vmflags/,POST,Vmware.occie
OCCI,Vmware,{provider_specific_path}/vmflags/,PUT,Vmware.occie
OCCI,Vmware,{provider_specific_path}/vmflags/,DELETE,Vmware.occie

OCCI,Vmware,{provider_specific_path}/networkshaper/,GET,Vmware.occie
OCCI,Vmware,{provider_specific_path}/networkshaper/,POST,Vmware.occie
OCCI,Vmware,{provider_specific_path}/networkshaper/,PUT,Vmware.occie
OCCI,Vmware,{provider_specific_path}/networkshaper/,DELETE,Vmware.occie

OCCI,Vmware,{provider_specific_path}/npivconfig/,GET,Vmware.occie
OCCI,Vmware,{provider_specific_path}/npivconfig/,POST,Vmware.occie
OCCI,Vmware,{provider_specific_path}/npivconfig/,PUT,Vmware.occie
OCCI,Vmware,{provider_specific_path}/npivconfig/,DELETE,Vmware.occie

OCCI,Vmware,{provider_specific_path}/cpufeaturemask/,GET,Vmware.occie
OCCI,Vmware,{provider_specific_path}/cpufeaturemask/,POST,Vmware.occie
OCCI,Vmware,{provider_specific_path}/cpufeaturemask/,PUT,Vmware.occie
OCCI,Vmware,{provider_specific_path}/cpufeaturemask/,DELETE,Vmware.occie

OCCI,Vmware,{provider_specific_path}/extraconfig/,GET,Vmware.occie
OCCI,Vmware,{provider_specific_path}/extraconfig/,POST,Vmware.occie
OCCI,Vmware,{provider_specific_path}/extraconfig/,PUT,Vmware.occie
OCCI,Vmware,{provider_specific_path}/extraconfig/,DELETE,Vmware.occie

OCCI,Vmware,{provider_specific_path}/vmfileconfig/,GET,Vmware.occie
OCCI,Vmware,{provider_specific_path}/vmfileconfig/,POST,Vmware.occie
OCCI,Vmware,{provider_specific_path}/vmfileconfig/,PUT,Vmware.occie
OCCI,Vmware,{provider_specific_path}/vmfileconfig/,DELETE,Vmware.occie

OCCI,Vmware,{provider_specific_path}/guestconfig/,GET,Vmware.occie
OCCI,Vmware,{provider_specific_path}/guestconfig/,POST,Vmware.occie
OCCI,Vmware,{provider_specific_path}/guestconfig/,PUT,Vmware.occie
OCCI,Vmware,{provider_specific_path}/guestconfig/,DELETE,Vmware.occie

OCCI,Vmware,{provider_specific_path}/toolsconfig/,GET,Vmware.occie
OCCI,Vmware,{provider_specific_path}/toolsconfig/,POST,Vmware.occie
OCCI,Vmware,{provider_specific_path}/toolsconfig/,PUT,Vmware.occie
OCCI,Vmware,{provider_specific_path}/toolsconfig/,DELETE,Vmware.occie

OCCI,Vmware,{provider_specific_path}/hostserviceticket/,GET,Vmware.occie
OCCI,Vmware,{provider_specific_path}/hostserviceticket/,POST,Vmware.occie
OCCI,Vmware,{provider_specific_path}/hostserviceticket/,PUT,Vmware.occie
OCCI,Vmware,{provider_specific_path}/hostserviceticket/,DELETE,Vmware.occie
OCCI,Vmware,{provider_specific_path}/hostserviceticket/?action=acquirecimservicesticket,POST,Vmware.occie

OCCI,Vmware,{provider_specific_path}/sharesconfig/,GET,Vmware.occie
OCCI,Vmware,{provider_specific_path}/sharesconfig/,POST,Vmware.occie
OCCI,Vmware,{provider_specific_path}/sharesconfig/,PUT,Vmware.occie
OCCI,Vmware,{provider_specific_path}/sharesconfig/,DELETE,Vmware.occie

OCCI,Vmware,{provider_specific_path}/vmcapability/,GET,Vmware.occie
OCCI,Vmware,{provider_specific_path}/vmcapability/,POST,Vmware.occie
OCCI,Vmware,{provider_specific_path}/vmcapability/,PUT,Vmware.occie
OCCI,Vmware,{provider_specific_path}/vmcapability/,DELETE,Vmware.occie

OCCI,Vmware,{provider_specific_path}/resourcepoolallocation/,GET,Vmware.occie
OCCI,Vmware,{provider_specific_path}/resourcepoolallocation/,POST,Vmware.occie
OCCI,Vmware,{provider_specific_path}/resourcepoolallocation/,PUT,Vmware.occie
OCCI,Vmware,{provider_specific_path}/resourcepoolallocation/,DELETE,Vmware.occie

OCCI,Vmware,{provider_specific_path}/resourcepoolquickstats/,GET,Vmware.occie
OCCI,Vmware,{provider_specific_path}/resourcepoolquickstats/,POST,Vmware.occie
OCCI,Vmware,{provider_specific_path}/resourcepoolquickstats/,PUT,Vmware.occie
OCCI,Vmware,{provider_specific_path}/resourcepoolquickstats/,DELETE,Vmware.occie

OCCI,Vmware,{provider_specific_path}/hosthardwareinfo/,GET,Vmware.occie
OCCI,Vmware,{provider_specific_path}/hosthardwareinfo/,POST,Vmware.occie
OCCI,Vmware,{provider_specific_path}/hosthardwareinfo/,PUT,Vmware.occie
OCCI,Vmware,{provider_specific_path}/hosthardwareinfo/,DELETE,Vmware.occie

OCCI,Vmware,{provider_specific_path}/hostaboutinfo/,GET,Vmware.occie
OCCI,Vmware,{provider_specific_path}/hostaboutinfo/,POST,Vmware.occie
OCCI,Vmware,{provider_specific_path}/hostaboutinfo/,PUT,Vmware.occie
OCCI,Vmware,{provider_specific_path}/hostaboutinfo/,DELETE,Vmware.occie

OCCI,Vmware,{provider_specific_path}/hosthealth/,GET,Vmware.occie
OCCI,Vmware,{provider_specific_path}/hosthealth/,POST,Vmware.occie
OCCI,Vmware,{provider_specific_path}/hosthealth/,PUT,Vmware.occie
OCCI,Vmware,{provider_specific_path}/hosthealth/,DELETE,Vmware.occie

OCCI,Vmware,{provider_specific_path}/hostconfig/,GET,Vmware.occie
OCCI,Vmware,{provider_specific_path}/hostconfig/,POST,Vmware.occie
OCCI,Vmware,{provider_specific_path}/hostconfig/,PUT,Vmware.occie
OCCI,Vmware,{provider_specific_path}/hostconfig/,DELETE,Vmware.occie
OCCI,Vmware,{provider_specific_path}/hostconfig/?action=enableAdmin,POST,Vmware.occie
OCCI,Vmware,{provider_specific_path}/hostconfig/?action=disableAdmin,POST,Vmware.occie

OCCI,Vmware,{provider_specific_path}/activediagnosticpartition/,GET,Vmware.occie
OCCI,Vmware,{provider_specific_path}/activediagnosticpartition/,POST,Vmware.occie
OCCI,Vmware,{provider_specific_path}/activediagnosticpartition/,PUT,Vmware.occie
OCCI,Vmware,{provider_specific_path}/activediagnosticpartition/,DELETE,Vmware.occie

OCCI,Vmware,{provider_specific_path}/defaultautostartconfigvm/,GET,Vmware.occie
OCCI,Vmware,{provider_specific_path}/defaultautostartconfigvm/,POST,Vmware.occie
OCCI,Vmware,{provider_specific_path}/defaultautostartconfigvm/,PUT,Vmware.occie
OCCI,Vmware,{provider_specific_path}/defaultautostartconfigvm/,DELETE,Vmware.occie

OCCI,Vmware,{provider_specific_path}/hostnetworkcapability/,GET,Vmware.occie
OCCI,Vmware,{provider_specific_path}/hostnetworkcapability/,POST,Vmware.occie
OCCI,Vmware,{provider_specific_path}/hostnetworkcapability/,PUT,Vmware.occie
OCCI,Vmware,{provider_specific_path}/hostnetworkcapability/,DELETE,Vmware.occie

OCCI,Vmware,{provider_specific_path}/autostartpowerinfo/,GET,Vmware.occie
OCCI,Vmware,{provider_specific_path}/autostartpowerinfo/,POST,Vmware.occie
OCCI,Vmware,{provider_specific_path}/autostartpowerinfo/,PUT,Vmware.occie
OCCI,Vmware,{provider_specific_path}/autostartpowerinfo/,DELETE,Vmware.occie

OCCI,Vmware,{provider_specific_path}/hostmemoryreservation/,GET,Vmware.occie
OCCI,Vmware,{provider_specific_path}/hostmemoryreservation/,POST,Vmware.occie
OCCI,Vmware,{provider_specific_path}/hostmemoryreservation/,PUT,Vmware.occie
OCCI,Vmware,{provider_specific_path}/hostmemoryreservation/,DELETE,Vmware.occie
OCCI,Vmware,{provider_specific_path}/hostmemoryreservation/?action=reconfigureServiceConsoleReservation,POST,Vmware.occie
OCCI,Vmware,{provider_specific_path}/hostmemoryreservation/?action=reconfigureVirtualMachineReservation,POST,Vmware.occie

OCCI,Vmware,{provider_specific_path}/hostdatastorecapability/,GET,Vmware.occie
OCCI,Vmware,{provider_specific_path}/hostdatastorecapability/,POST,Vmware.occie
OCCI,Vmware,{provider_specific_path}/hostdatastorecapability/,PUT,Vmware.occie
OCCI,Vmware,{provider_specific_path}/hostdatastorecapability/,DELETE,Vmware.occie

OCCI,Vmware,{provider_specific_path}/hostdatetimeinfo/,GET,Vmware.occie
OCCI,Vmware,{provider_specific_path}/hostdatetimeinfo/,POST,Vmware.occie
OCCI,Vmware,{provider_specific_path}/hostdatetimeinfo/,PUT,Vmware.occie
OCCI,Vmware,{provider_specific_path}/hostdatetimeinfo/,DELETE,Vmware.occie

OCCI,Vmware,{provider_specific_path}/hostntpconfig/,GET,Vmware.occie
OCCI,Vmware,{provider_specific_path}/hostntpconfig/,POST,Vmware.occie
OCCI,Vmware,{provider_specific_path}/hostntpconfig/,PUT,Vmware.occie
OCCI,Vmware,{provider_specific_path}/hostntpconfig/,DELETE,Vmware.occie

OCCI,Vmware,{provider_specific_path}/hosttimezone/,GET,Vmware.occie
OCCI,Vmware,{provider_specific_path}/hosttimezone/,POST,Vmware.occie
OCCI,Vmware,{provider_specific_path}/hosttimezone/,PUT,Vmware.occie
OCCI,Vmware,{provider_specific_path}/hosttimezone/,DELETE,Vmware.occie

OCCI,Vmware,{provider_specific_path}/hostflaginfo/,GET,Vmware.occie
OCCI,Vmware,{provider_specific_path}/hostflaginfo/,POST,Vmware.occie
OCCI,Vmware,{provider_specific_path}/hostflaginfo/,PUT,Vmware.occie
OCCI,Vmware,{provider_specific_path}/hostflaginfo/,DELETE,Vmware.occie

OCCI,Vmware,{provider_specific_path}/hosthyperthreadscheduler/,GET,Vmware.occie
OCCI,Vmware,{provider_specific_path}/hosthyperthreadscheduler/,POST,Vmware.occie
OCCI,Vmware,{provider_specific_path}/hosthyperthreadscheduler/,PUT,Vmware.occie
OCCI,Vmware,{provider_specific_path}/hosthyperthreadscheduler/,DELETE,Vmware.occie
OCCI,Vmware,{provider_specific_path}/hosthyperthreadscheduler/?action=enableHyperThreading,POST,Vmware.occie
OCCI,Vmware,{provider_specific_path}/hosthyperthreadscheduler/?action=disableHyperThreading,POST,Vmware.occie

OCCI,Vmware,{provider_specific_path}/hostsystemvolumemounted/,GET,Vmware.occie
OCCI,Vmware,{provider_specific_path}/hostsystemvolumemounted/,POST,Vmware.occie
OCCI,Vmware,{provider_specific_path}/hostsystemvolumemounted/,PUT,Vmware.occie
OCCI,Vmware,{provider_specific_path}/hostsystemvolumemounted/,DELETE,Vmware.occie

OCCI,Vmware,{provider_specific_path}/hostfilesystemvolumeinfo/,GET,Vmware.occie
OCCI,Vmware,{provider_specific_path}/hostfilesystemvolumeinfo/,POST,Vmware.occie
OCCI,Vmware,{provider_specific_path}/hostfilesystemvolumeinfo/,PUT,Vmware.occie
OCCI,Vmware,{provider_specific_path}/hostfilesystemvolumeinfo/,DELETE,Vmware.occie

OCCI,Vmware,{provider_specific_path}/hostpcidevices/,GET,Vmware.occie
OCCI,Vmware,{provider_specific_path}/hostpcidevices/,POST,Vmware.occie
OCCI,Vmware,{provider_specific_path}/hostpcidevices/,PUT,Vmware.occie
OCCI,Vmware,{provider_specific_path}/hostpcidevices/,DELETE,Vmware.occie

OCCI,Vmware,{provider_specific_path}/clusteractionhistory/,GET,Vmware.occie
OCCI,Vmware,{provider_specific_path}/clusteractionhistory/,POST,Vmware.occie
OCCI,Vmware,{provider_specific_path}/clusteractionhistory/,PUT,Vmware.occie
OCCI,Vmware,{provider_specific_path}/clusteractionhistory/,DELETE,Vmware.occie

OCCI,Vmware,{provider_specific_path}/clusterdrsrecommandations/,GET,Vmware.occie
OCCI,Vmware,{provider_specific_path}/clusterdrsrecommandations/,POST,Vmware.occie
OCCI,Vmware,{provider_specific_path}/clusterdrsrecommandations/,PUT,Vmware.occie
OCCI,Vmware,{provider_specific_path}/clusterdrsrecommandations/,DELETE,Vmware.occie
OCCI,Vmware,{provider_specific_path}/clusterdrsrecommandations/?action=queryClusterDrsRecommandations,POST,Vmware.occie

OCCI,Vmware,{provider_specific_path}/clusterresourcesinfo/,GET,Vmware.occie
OCCI,Vmware,{provider_specific_path}/clusterresourcesinfo/,POST,Vmware.occie
OCCI,Vmware,{provider_specific_path}/clusterresourcesinfo/,PUT,Vmware.occie
OCCI,Vmware,{provider_specific_path}/clusterresourcesinfo/,DELETE,Vmware.occie

OCCI,Vmware,{provider_specific_path}/clusterdasconfig/,GET,Vmware.occie
OCCI,Vmware,{provider_specific_path}/clusterdasconfig/,POST,Vmware.occie
OCCI,Vmware,{provider_specific_path}/clusterdasconfig/,PUT,Vmware.occie
OCCI,Vmware,{provider_specific_path}/clusterdasconfig/,DELETE,Vmware.occie

OCCI,Vmware,{provider_specific_path}/clusterdefaultdasvmconfig/,GET,Vmware.occie
OCCI,Vmware,{provider_specific_path}/clusterdefaultdasvmconfig/,POST,Vmware.occie
OCCI,Vmware,{provider_specific_path}/clusterdefaultdasvmconfig/,PUT,Vmware.occie
OCCI,Vmware,{provider_specific_path}/clusterdefaultdasvmconfig/,DELETE,Vmware.occie

OCCI,Vmware,{provider_specific_path}/dasvmsettings/,GET,Vmware.occie
OCCI,Vmware,{provider_specific_path}/dasvmsettings/,POST,Vmware.occie
OCCI,Vmware,{provider_specific_path}/dasvmsettings/,PUT,Vmware.occie
OCCI,Vmware,{provider_specific_path}/dasvmsettings/,DELETE,Vmware.occie

OCCI,Vmware,{provider_specific_path}/clusterhostdpmconfig/,GET,Vmware.occie
OCCI,Vmware,{provider_specific_path}/clusterhostdpmconfig/,POST,Vmware.occie
OCCI,Vmware,{provider_specific_path}/clusterhostdpmconfig/,PUT,Vmware.occie
OCCI,Vmware,{provider_specific_path}/clusterhostdpmconfig/,DELETE,Vmware.occie

OCCI,Vmware,{provider_specific_path}/clusterdrsconfig/,GET,Vmware.occie
OCCI,Vmware,{provider_specific_path}/clusterdrsconfig/,POST,Vmware.occie
OCCI,Vmware,{provider_specific_path}/clusterdrsconfig/,PUT,Vmware.occie
OCCI,Vmware,{provider_specific_path}/clusterdrsconfig/,DELETE,Vmware.occie

OCCI,Vmware,{provider_specific_path}/hostdpmconfig/,GET,Vmware.occie
OCCI,Vmware,{provider_specific_path}/hostdpmconfig/,POST,Vmware.occie
OCCI,Vmware,{provider_specific_path}/hostdpmconfig/,PUT,Vmware.occie
OCCI,Vmware,{provider_specific_path}/hostdpmconfig/,DELETE,Vmware.occie

OCCI,Vmware,{provider_specific_path}/drsVmConfig/,GET,Vmware.occie
OCCI,Vmware,{provider_specific_path}/drsVmConfig/,POST,Vmware.occie
OCCI,Vmware,{provider_specific_path}/drsVmConfig/,PUT,Vmware.occie
OCCI,Vmware,{provider_specific_path}/drsVmConfig/,DELETE,Vmware.occie

OCCI,Vmware,{provider_specific_path}/clusterrule/,GET,Vmware.occie
OCCI,Vmware,{provider_specific_path}/clusterrule/,POST,Vmware.occie
OCCI,Vmware,{provider_specific_path}/clusterrule/,PUT,Vmware.occie
OCCI,Vmware,{provider_specific_path}/clusterrule/,DELETE,Vmware.occie

OCCI,Vmware,{provider_specific_path}/hostconnectconfig/,GET,Vmware.occie
OCCI,Vmware,{provider_specific_path}/hostconnectconfig/,POST,Vmware.occie
OCCI,Vmware,{provider_specific_path}/hostconnectconfig/,PUT,Vmware.occie
OCCI,Vmware,{provider_specific_path}/hostconnectconfig/,DELETE,Vmware.occie

OCCI,Vmware,{provider_specific_path}/clusterdrsmigrationhistory/,GET,Vmware.occie
OCCI,Vmware,{provider_specific_path}/clusterdrsmigrationhistory/,POST,Vmware.occie
OCCI,Vmware,{provider_specific_path}/clusterdrsmigrationhistory/,PUT,Vmware.occie
OCCI,Vmware,{provider_specific_path}/clusterdrsmigrationhistory/,DELETE,Vmware.occie
OCCI,Vmware,{provider_specific_path}/clusterdrsmigrationhistory/?action=queryClusterMigrationHistory,POST,Vmware.occie

OCCI,Vmware,{provider_specific_path}/clusterrecommandations/,GET,Vmware.occie
OCCI,Vmware,{provider_specific_path}/clusterrecommandations/,POST,Vmware.occie
OCCI,Vmware,{provider_specific_path}/clusterrecommandations/,PUT,Vmware.occie
OCCI,Vmware,{provider_specific_path}/clusterrecommandations/,DELETE,Vmware.occie
OCCI,Vmware,{provider_specific_path}/clusterrecommandations/?action=queryClusterRecommandations,POST,Vmware.occie

OCCI,Vmware,{provider_specific_path}/datastorecapability/,GET,Vmware.occie
OCCI,Vmware,{provider_specific_path}/datastorecapability/,POST,Vmware.occie
OCCI,Vmware,{provider_specific_path}/datastorecapability/,PUT,Vmware.occie
OCCI,Vmware,{provider_specific_path}/datastorecapability/,DELETE,Vmware.occie

OCCI,Vmware,{provider_specific_path}/datastorehostmountinfo/,GET,Vmware.occie
OCCI,Vmware,{provider_specific_path}/datastorehostmountinfo/,POST,Vmware.occie
OCCI,Vmware,{provider_specific_path}/datastorehostmountinfo/,PUT,Vmware.occie
OCCI,Vmware,{provider_specific_path}/datastorehostmountinfo/,DELETE,Vmware.occie

OCCI,Vmware,{provider_specific_path}/datastoreinfo/,GET,Vmware.occie
OCCI,Vmware,{provider_specific_path}/datastoreinfo/,POST,Vmware.occie
OCCI,Vmware,{provider_specific_path}/datastoreinfo/,PUT,Vmware.occie
OCCI,Vmware,{provider_specific_path}/datastoreinfo/,DELETE,Vmware.occie

OCCI,Vmware,{provider_specific_path}/datastoresummary/,GET,Vmware.occie
OCCI,Vmware,{provider_specific_path}/datastoresummary/,POST,Vmware.occie
OCCI,Vmware,{provider_specific_path}/datastoresummary/,PUT,Vmware.occie
OCCI,Vmware,{provider_specific_path}/datastoresummary/,DELETE,Vmware.occie

OCCI,Vmware,{provider_specific_path}/datastorehostnasvolumeconfig/,GET,Vmware.occie
OCCI,Vmware,{provider_specific_path}/datastorehostnasvolumeconfig/,POST,Vmware.occie
OCCI,Vmware,{provider_specific_path}/datastorehostnasvolumeconfig/,PUT,Vmware.occie
OCCI,Vmware,{provider_specific_path}/datastorehostnasvolumeconfig/,DELETE,Vmware.occie

OCCI,Vmware,{provider_specific_path}/datastoreuserprincipalauth/,GET,Vmware.occie
OCCI,Vmware,{provider_specific_path}/datastoreuserprincipalauth/,POST,Vmware.occie
OCCI,Vmware,{provider_specific_path}/datastoreuserprincipalauth/,PUT,Vmware.occie
OCCI,Vmware,{provider_specific_path}/datastoreuserprincipalauth/,DELETE,Vmware.occie
OCCI,Vmware,{provider_specific_path}/datastoreuserprincipalauth/?action=changeDatastoreUserPassword,POST,Vmware.occie

OCCI,Vmware,{provider_specific_path}/datastorehostvmfsvolumeconfig/,GET,Vmware.occie
OCCI,Vmware,{provider_specific_path}/datastorehostvmfsvolumeconfig/,POST,Vmware.occie
OCCI,Vmware,{provider_specific_path}/datastorehostvmfsvolumeconfig/,PUT,Vmware.occie
OCCI,Vmware,{provider_specific_path}/datastorehostvmfsvolumeconfig/,DELETE,Vmware.occie
OCCI,Vmware,{provider_specific_path}/datastorehostvmfsvolumeconfig/?action=extendVMFS,POST,Vmware.occie
OCCI,Vmware,{provider_specific_path}/datastorehostvmfsvolumeconfig/?action=formatVMFS,POST,Vmware.occie

OCCI,Vmware,{provider_specific_path}/datastorehostlocalvolumeconfig/,GET,Vmware.occie
OCCI,Vmware,{provider_specific_path}/datastorehostlocalvolumeconfig/,POST,Vmware.occie
OCCI,Vmware,{provider_specific_path}/datastorehostlocalvolumeconfig/,PUT,Vmware.occie
OCCI,Vmware,{provider_specific_path}/datastorehostlocalvolumeconfig/,DELETE,Vmware.occie

OCCI,Vmware,{provider_specific_path}/vmconfig/,GET,Vmware.occie
OCCI,Vmware,{provider_specific_path}/vmconfig/,POST,Vmware.occie
OCCI,Vmware,{provider_specific_path}/vmconfig/,PUT,Vmware.occie
OCCI,Vmware,{provider_specific_path}/vmconfig/,DELETE,Vmware.occie

OCCI,Vmware,{provider_specific_path}/networkpolicy/,GET,Vmware.occie
OCCI,Vmware,{provider_specific_path}/networkpolicy/,POST,Vmware.occie
OCCI,Vmware,{provider_specific_path}/networkpolicy/,PUT,Vmware.occie
OCCI,Vmware,{provider_specific_path}/networkpolicy/,DELETE,Vmware.occie

OCCI,Vmware,{provider_specific_path}/nicfailurecriteria/,GET,Vmware.occie
OCCI,Vmware,{provider_specific_path}/nicfailurecriteria/,POST,Vmware.occie
OCCI,Vmware,{provider_specific_path}/nicfailurecriteria/,PUT,Vmware.occie
OCCI,Vmware,{provider_specific_path}/nicfailurecriteria/,DELETE,Vmware.occie

OCCI,Vmware,{provider_specific_path}/nicorderpolicy/,GET,Vmware.occie
OCCI,Vmware,{provider_specific_path}/nicorderpolicy/,POST,Vmware.occie
OCCI,Vmware,{provider_specific_path}/nicorderpolicy/,PUT,Vmware.occie
OCCI,Vmware,{provider_specific_path}/nicorderpolicy/,DELETE,Vmware.occie

OCCI,Vmware,{provider_specific_path}/nicteamingpolicy/,GET,Vmware.occie
OCCI,Vmware,{provider_specific_path}/nicteamingpolicy/,POST,Vmware.occie
OCCI,Vmware,{provider_specific_path}/nicteamingpolicy/,PUT,Vmware.occie
OCCI,Vmware,{provider_specific_path}/nicteamingpolicy/,DELETE,Vmware.occie

OCCI,Vmware,{provider_specific_path}/offloadpolicy/,GET,Vmware.occie
OCCI,Vmware,{provider_specific_path}/offloadpolicy/,POST,Vmware.occie
OCCI,Vmware,{provider_specific_path}/offloadpolicy/,PUT,Vmware.occie
OCCI,Vmware,{provider_specific_path}/offloadpolicy/,DELETE,Vmware.occie

OCCI,Vmware,{provider_specific_path}/networksecuritypolicy/,GET,Vmware.occie
OCCI,Vmware,{provider_specific_path}/networksecuritypolicy/,POST,Vmware.occie
OCCI,Vmware,{provider_specific_path}/networksecuritypolicy/,PUT,Vmware.occie
OCCI,Vmware,{provider_specific_path}/networksecuritypolicy/,DELETE,Vmware.occie

OCCI,Vmware,{provider_specific_path}/trafficshapingpolicy/,GET,Vmware.occie
OCCI,Vmware,{provider_specific_path}/trafficshapingpolicy/,POST,Vmware.occie
OCCI,Vmware,{provider_specific_path}/trafficshapingpolicy/,PUT,Vmware.occie
OCCI,Vmware,{provider_specific_path}/trafficshapingpolicy/,DELETE,Vmware.occie

OCCI,Vmware,{provider_specific_path}/portgroupports/,GET,Vmware.occie
OCCI,Vmware,{provider_specific_path}/portgroupports/,POST,Vmware.occie
OCCI,Vmware,{provider_specific_path}/portgroupports/,PUT,Vmware.occie
OCCI,Vmware,{provider_specific_path}/portgroupports/,DELETE,Vmware.occie

OCCI,Vmware,{provider_specific_path}/micro/,GET,Vmware.occie
OCCI,Vmware,{provider_specific_path}/micro/,POST,Vmware.occie
OCCI,Vmware,{provider_specific_path}/micro/,PUT,Vmware.occie
OCCI,Vmware,{provider_specific_path}/micro/,DELETE,Vmware.occie

OCCI,Vmware,{provider_specific_path}/vswitchautobridge/,GET,Vmware.occie
OCCI,Vmware,{provider_specific_path}/vswitchautobridge/,POST,Vmware.occie
OCCI,Vmware,{provider_specific_path}/vswitchautobridge/,PUT,Vmware.occie
OCCI,Vmware,{provider_specific_path}/vswitchautobridge/,DELETE,Vmware.occie

OCCI,Vmware,{provider_specific_path}/vswitchsimplebridge/,GET,Vmware.occie
OCCI,Vmware,{provider_specific_path}/vswitchsimplebridge/,POST,Vmware.occie
OCCI,Vmware,{provider_specific_path}/vswitchsimplebridge/,PUT,Vmware.occie
OCCI,Vmware,{provider_specific_path}/vswitchsimplebridge/,DELETE,Vmware.occie

OCCI,Vmware,{provider_specific_path}/vswitchbondbridge/,GET,Vmware.occie
OCCI,Vmware,{provider_specific_path}/vswitchbondbridge/,POST,Vmware.occie
OCCI,Vmware,{provider_specific_path}/vswitchbondbridge/,PUT,Vmware.occie
OCCI,Vmware,{provider_specific_path}/vswitchbondbridge/,DELETE,Vmware.occie

OCCI,Vmware,{provider_specific_path}/hostdnsconfig/,GET,Vmware.occie
OCCI,Vmware,{provider_specific_path}/hostdnsconfig/,POST,Vmware.occie
OCCI,Vmware,{provider_specific_path}/hostdnsconfig/,PUT,Vmware.occie
OCCI,Vmware,{provider_specific_path}/hostdnsconfig/,DELETE,Vmware.occie

OCCI,Vmware,{provider_specific_path}/hostnetworkconfig/,GET,Vmware.occie
OCCI,Vmware,{provider_specific_path}/hostnetworkconfig/,POST,Vmware.occie
OCCI,Vmware,{provider_specific_path}/hostnetworkconfig/,PUT,Vmware.occie
OCCI,Vmware,{provider_specific_path}/hostnetworkconfig/,DELETE,Vmware.occie

OCCI,Vmware,{provider_specific_path}/hostiprouteconfig/,GET,Vmware.occie
OCCI,Vmware,{provider_specific_path}/hostiprouteconfig/,POST,Vmware.occie
OCCI,Vmware,{provider_specific_path}/hostiprouteconfig/,PUT,Vmware.occie
OCCI,Vmware,{provider_specific_path}/hostiprouteconfig/,DELETE,Vmware.occie

OCCI,Vmware,{provider_specific_path}/hostconsoleiprouteconfig/,GET,Vmware.occie
OCCI,Vmware,{provider_specific_path}/hostconsoleiprouteconfig/,POST,Vmware.occie
OCCI,Vmware,{provider_specific_path}/hostconsoleiprouteconfig/,PUT,Vmware.occie
OCCI,Vmware,{provider_specific_path}/hostconsoleiprouteconfig/,DELETE,Vmware.occie

OCCI,Vmware,{provider_specific_path}/hostnatservicenameconfig/,GET,Vmware.occie
OCCI,Vmware,{provider_specific_path}/hostnatservicenameconfig/,POST,Vmware.occie
OCCI,Vmware,{provider_specific_path}/hostnatservicenameconfig/,PUT,Vmware.occie
OCCI,Vmware,{provider_specific_path}/hostnatservicenameconfig/,DELETE,Vmware.occie

OCCI,Vmware,{provider_specific_path}/hostnetoffloadcapabilities/,GET,Vmware.occie
OCCI,Vmware,{provider_specific_path}/hostnetoffloadcapabilities/,POST,Vmware.occie
OCCI,Vmware,{provider_specific_path}/hostnetoffloadcapabilities/,PUT,Vmware.occie
OCCI,Vmware,{provider_specific_path}/hostnetoffloadcapabilities/,DELETE,Vmware.occie

OCCI,Vmware,{provider_specific_path}/validlinkspecification/,GET,Vmware.occie
OCCI,Vmware,{provider_specific_path}/validlinkspecification/,POST,Vmware.occie
OCCI,Vmware,{provider_specific_path}/validlinkspecification/,PUT,Vmware.occie
OCCI,Vmware,{provider_specific_path}/validlinkspecification/,DELETE,Vmware.occie

OCCI,Vmware,{provider_specific_path}/currentlinkstate/,GET,Vmware.occie
OCCI,Vmware,{provider_specific_path}/currentlinkstate/,POST,Vmware.occie
OCCI,Vmware,{provider_specific_path}/currentlinkstate/,PUT,Vmware.occie
OCCI,Vmware,{provider_specific_path}/currentlinkstate/,DELETE,Vmware.occie

OCCI,Vmware,{provider_specific_path}/physicallinkconfig/,GET,Vmware.occie
OCCI,Vmware,{provider_specific_path}/physicallinkconfig/,POST,Vmware.occie
OCCI,Vmware,{provider_specific_path}/physicallinkconfig/,PUT,Vmware.occie
OCCI,Vmware,{provider_specific_path}/physicallinkconfig/,DELETE,Vmware.occie

OCCI,Vmware,{provider_specific_path}/vmforkconfig/,GET,Vmware.occie
OCCI,Vmware,{provider_specific_path}/vmforkconfig/,POST,Vmware.occie
OCCI,Vmware,{provider_specific_path}/vmforkconfig/,PUT,Vmware.occie
OCCI,Vmware,{provider_specific_path}/vmforkconfig/,DELETE,Vmware.occie

OCCI,Vmware,{provider_specific_path}/faulttoleranceconfig/,GET,Vmware.occie
OCCI,Vmware,{provider_specific_path}/faulttoleranceconfig/,POST,Vmware.occie
OCCI,Vmware,{provider_specific_path}/faulttoleranceconfig/,PUT,Vmware.occie
OCCI,Vmware,{provider_specific_path}/faulttoleranceconfig/,DELETE,Vmware.occie

OCCI,Vmware,{provider_specific_path}/latencysensitivity/,GET,Vmware.occie
OCCI,Vmware,{provider_specific_path}/latencysensitivity/,POST,Vmware.occie
OCCI,Vmware,{provider_specific_path}/latencysensitivity/,PUT,Vmware.occie
OCCI,Vmware,{provider_specific_path}/latencysensitivity/,DELETE,Vmware.occie

OCCI,Vmware,{provider_specific_path}/failoverhost/,GET,Vmware.occie
OCCI,Vmware,{provider_specific_path}/failoverhost/,POST,Vmware.occie
OCCI,Vmware,{provider_specific_path}/failoverhost/,PUT,Vmware.occie
OCCI,Vmware,{provider_specific_path}/failoverhost/,DELETE,Vmware.occie

OCCI,Vmware,{provider_specific_path}/clusterdasadmissionctrlpolicy/,GET,Vmware.occie
OCCI,Vmware,{provider_specific_path}/clusterdasadmissionctrlpolicy/,POST,Vmware.occie
OCCI,Vmware,{provider_specific_path}/clusterdasadmissionctrlpolicy/,PUT,Vmware.occie
OCCI,Vmware,{provider_specific_path}/clusterdasadmissionctrlpolicy/,DELETE,Vmware.occie

OCCI,Vmware,{provider_specific_path}/failoverlevel/,GET,Vmware.occie
OCCI,Vmware,{provider_specific_path}/failoverlevel/,POST,Vmware.occie
OCCI,Vmware,{provider_specific_path}/failoverlevel/,PUT,Vmware.occie
OCCI,Vmware,{provider_specific_path}/failoverlevel/,DELETE,Vmware.occie

OCCI,Vmware,{provider_specific_path}/failoverresources/,GET,Vmware.occie
OCCI,Vmware,{provider_specific_path}/failoverresources/,POST,Vmware.occie
OCCI,Vmware,{provider_specific_path}/failoverresources/,PUT,Vmware.occie
OCCI,Vmware,{provider_specific_path}/failoverresources/,DELETE,Vmware.occie

OCCI,Vmware,{provider_specific_path}/clusterdasvmtoolsmonitoringsettings/,GET,Vmware.occie
OCCI,Vmware,{provider_specific_path}/clusterdasvmtoolsmonitoringsettings/,POST,Vmware.occie
OCCI,Vmware,{provider_specific_path}/clusterdasvmtoolsmonitoringsettings/,PUT,Vmware.occie
OCCI,Vmware,{provider_specific_path}/clusterdasvmtoolsmonitoringsettings/,DELETE,Vmware.occie

OCCI,Vmware,{provider_specific_path}/dasvmtoolsmonitoringsettings/,GET,Vmware.occie
OCCI,Vmware,{provider_specific_path}/dasvmtoolsmonitoringsettings/,POST,Vmware.occie
OCCI,Vmware,{provider_specific_path}/dasvmtoolsmonitoringsettings/,PUT,Vmware.occie
OCCI,Vmware,{provider_specific_path}/dasvmtoolsmonitoringsettings/,DELETE,Vmware.occie

OCCI,Vmware,{provider_specific_path}/datastoreconfig/,GET,Vmware.occie
OCCI,Vmware,{provider_specific_path}/datastoreconfig/,POST,Vmware.occie
OCCI,Vmware,{provider_specific_path}/datastoreconfig/,PUT,Vmware.occie
OCCI,Vmware,{provider_specific_path}/datastoreconfig/,DELETE,Vmware.occie

OCCI,Vmware,{provider_specific_path}/datastorehostvvolvolumeconfig/,GET,Vmware.occie
OCCI,Vmware,{provider_specific_path}/datastorehostvvolvolumeconfig/,POST,Vmware.occie
OCCI,Vmware,{provider_specific_path}/datastorehostvvolvolumeconfig/,PUT,Vmware.occie
OCCI,Vmware,{provider_specific_path}/datastorehostvvolvolumeconfig/,DELETE,Vmware.occie

OCCI,Vmware,{provider_specific_path}/virtualdiskgeometry/,GET,Vmware.occie
OCCI,Vmware,{provider_specific_path}/virtualdiskgeometry/,POST,Vmware.occie
OCCI,Vmware,{provider_specific_path}/virtualdiskgeometry/,PUT,Vmware.occie
OCCI,Vmware,{provider_specific_path}/virtualdiskgeometry/,DELETE,Vmware.occie

OCCI,Vmware,{provider_specific_path}/virtualdeviceconnectinfo/,GET,Vmware.occie
OCCI,Vmware,{provider_specific_path}/virtualdeviceconnectinfo/,POST,Vmware.occie
OCCI,Vmware,{provider_specific_path}/virtualdeviceconnectinfo/,PUT,Vmware.occie
OCCI,Vmware,{provider_specific_path}/virtualdeviceconnectinfo/,DELETE,Vmware.occie

OCCI,Vmware,{provider_specific_path}/hoststoragecapability/,GET,Vmware.occie
OCCI,Vmware,{provider_specific_path}/hoststoragecapability/,POST,Vmware.occie
OCCI,Vmware,{provider_specific_path}/hoststoragecapability/,PUT,Vmware.occie
OCCI,Vmware,{provider_specific_path}/hoststoragecapability/,DELETE,Vmware.occie

OCCI,Vmware,{provider_specific_path}/hostnetworkcapabilityextent/,GET,Vmware.occie
OCCI,Vmware,{provider_specific_path}/hostnetworkcapabilityextent/,POST,Vmware.occie
OCCI,Vmware,{provider_specific_path}/hostnetworkcapabilityextent/,PUT,Vmware.occie
OCCI,Vmware,{provider_specific_path}/hostnetworkcapabilityextent/,DELETE,Vmware.occie

OCCI,Vmware,{provider_specific_path}/hostvmotioncapability/,GET,Vmware.occie
OCCI,Vmware,{provider_specific_path}/hostvmotioncapability/,POST,Vmware.occie
OCCI,Vmware,{provider_specific_path}/hostvmotioncapability/,PUT,Vmware.occie
OCCI,Vmware,{provider_specific_path}/hostvmotioncapability/,DELETE,Vmware.occie

OCCI,Vmware,{provider_specific_path}/hostsnapshotcapability/,GET,Vmware.occie
OCCI,Vmware,{provider_specific_path}/hostsnapshotcapability/,POST,Vmware.occie
OCCI,Vmware,{provider_specific_path}/hostsnapshotcapability/,PUT,Vmware.occie
OCCI,Vmware,{provider_specific_path}/hostsnapshotcapability/,DELETE,Vmware.occie

OCCI,Vmware,{provider_specific_path}/hostcapabilityhardware/,GET,Vmware.occie
OCCI,Vmware,{provider_specific_path}/hostcapabilityhardware/,POST,Vmware.occie
OCCI,Vmware,{provider_specific_path}/hostcapabilityhardware/,PUT,Vmware.occie
OCCI,Vmware,{provider_specific_path}/hostcapabilityhardware/,DELETE,Vmware.occie

OCCI,Vmware,{provider_specific_path}/hostsystemcapability/,GET,Vmware.occie
OCCI,Vmware,{provider_specific_path}/hostsystemcapability/,POST,Vmware.occie
OCCI,Vmware,{provider_specific_path}/hostsystemcapability/,PUT,Vmware.occie
OCCI,Vmware,{provider_specific_path}/hostsystemcapability/,DELETE,Vmware.occie

OCCI,Vmware,{provider_specific_path}/hostvmcapability/,GET,Vmware.occie
OCCI,Vmware,{provider_specific_path}/hostvmcapability/,POST,Vmware.occie
OCCI,Vmware,{provider_specific_path}/hostvmcapability/,PUT,Vmware.occie
OCCI,Vmware,{provider_specific_path}/hostvmcapability/,DELETE,Vmware.occie

OCCI,Vmware,{provider_specific_path}/hostothercapability/,GET,Vmware.occie
OCCI,Vmware,{provider_specific_path}/hostothercapability/,POST,Vmware.occie
OCCI,Vmware,{provider_specific_path}/hostothercapability/,PUT,Vmware.occie
OCCI,Vmware,{provider_specific_path}/hostothercapability/,DELETE,Vmware.occie

